{"err": 0.28062026509052707, "distCoeffs": [[0.09457403,-0.22848258,-0.00393247,0.00261257,0.10081658]], "cameraMatrix": [[416.23375247, 0.0, 335.55848368], [0.0, 418.82927991, 225.28867205], [0.0, 0.0, 1.0]]}