{"err": 0.8633384741188483, "distCoeffs": [[0.17918159281125465, -0.22366198357967537, -0.0019231014244885205, -0.0002619316864198859, -0.22066687862507064]], "cameraMatrix": [[1279.7415025773198, 0.0, 826.6540119041963], [0.0, 1280.4966394849064, 441.54206342526487], [0.0, 0.0, 1.0]]}