{"cameraMatrix": [[476.78765572,0.0,326.75835224], [0.0,481.39864103,189.81010774], [0.0, 0.0, 1.0]], "distCoeffs": [[0.07238508,-0.13241781,-0.03210935,0.00406891,0.0256894]], "err": 0.5006994947018414}