{"cameraMatrix": [[1726.4460419671052, 0.0, 824.7935470464677], [0.0, 2798.696239472766, 455.2868482379971], [0.0, 0.0, 1.0]], "distCoeffs": [[0.2170959631769505, -0.2531566171634864, 0.023105889186142817, 0.08971508331180052, 1.5018887090429263]], "err": 3.342922754177333}