{
  "red_gain": 0.8046875,
  "shutter_speed_shortened": 79918,
  "blue_gain": 2.42578125,
  "shutter_speed": 99898
}