{
  "red_gain": 0.9765625,
  "shutter_speed_shortened": 42836,
  "blue_gain": 1.73828125,
  "shutter_speed": 53546
}